,Country_Subregion,Serotype,Year,Dengue_Cases,Incidence_Rate,Severe_Dengue_Cases,Severe_Dengue_Rate,Deaths,Dengue_Death_Rate,Population_Times_1000
61,Argentina,"DEN 1,4",2014,3270,7.82,0,0,0,0,41803
62,Argentina,"DEN 1,4",2015,4774,11.32,3,0.06,0,0,42155
63,Argentina,"DEN 1,4",2016,79455,181.21,30,0.04,10,0.013,43847
60,Argentina,"DEN 1,3",2017,557,1.26,7,1.26,0,0,44271
54,Argentina,DEN 1,2018,1829,4.09,3,0.16,0,0,44689
64,Argentina,"DEN 1,4",2019,3220,7.21,9,0.28,0,0,44689
58,Argentina,"DEN 1,2,4",2020,59358,132.82,87,0.15,19,0.032,44689
59,Argentina,"DEN 1,2,4",2021,3972,8.71,0,0,0,0,45606
55,Argentina,"DEN 1,2",2022,841,1.84,4,0.48,0,0,45606
56,Argentina,"DEN 1,2,3",2023,146876,322.05,261,0.18,75,0.051,45606
57,Argentina,"DEN 1,2,3",2024,498091,1092.16,722,0.14,343,0.069,45606
10,Bolivia,DEN 4,2014,23471,216.36,380,1.62,0,0,10848
9,Bolivia,"DEN 1,4",2015,27099,245.8,86,0.32,1,0.004,11025
7,Bolivia,"DEN 1,2,4",2016,32386,297.45,61,0.19,2,0.006,10888
8,Bolivia,"DEN 1,3",2017,9923,89.78,66,0.67,2,0.02,11052
6,Bolivia,"DEN 1,2,3",2018,7597,67.73,60,0.79,6,0.079,11216
0,Bolivia,"DEN 1,2",2019,19987,178.2,102,0.51,30,0.15,11216
1,Bolivia,"DEN 1,2",2020,111347,992.75,696,0.63,41,0.037,11216
2,Bolivia,"DEN 1,2",2021,8947,75.61,21,0.23,2,0.022,11833
3,Bolivia,"DEN 1,2",2022,16544,139.81,63,0.38,10,0.06,11833
4,Bolivia,"DEN 1,2",2023,156774,1324.89,733,0.47,88,0.056,11833
5,Bolivia,"DEN 1,2",2024,36747,310.55,162,0.44,14,0.038,11833
66,Brazil,"DEN 1,2,3,4",2014,591080,292.56,689,0.12,410,0.069,202034
67,Brazil,"DEN 1,2,3,4",2015,1649008,809.7,1569,0.1,863,0.052,203657
68,Brazil,"DEN 1,2,3,4",2016,2220482,1059.55,931,0.04,707,0.032,209568
69,Brazil,"DEN 1,2,3,4",2017,505239,241.41,276,0.05,144,0.029,209288
70,Brazil,"DEN 1,2,3,4",2018,462326,219.25,323,0.07,160,0.035,210868
71,Brazil,"DEN 1,2,3,4",2019,2248570,1078.48,1487,0.07,840,0.037,208495
72,Brazil,"DEN 1,2,3,4",2020,1467142,703.68,828,0.06,554,0.038,208495
65,Brazil,"DEN 1,2",2021,975474,455.84,371,0.04,239,0.025,213993
73,Brazil,"DEN 1,2,3,4",2022,2363490,1104.47,1450,0.06,991,0.042,213993
74,Brazil,"DEN 1,2,3,4",2023,3088723,1443.38,1619,0.05,1184,0.038,213993
75,Brazil,"DEN 1,2,3,4",2024,7537471,3522.3,4850,0.06,3325,0.044,213993
76,Chile,DEN 1,2014,30,0.17,0,0,0,0,17773
77,Chile,DEN 1,2015,40,0.22,0,0,0,0,17924
81,Chile,DEN 1,2016,33,0.18,0,0,0,0,18132
85,Chile,"DEN 1,3",2017,10,0.06,0,0,0,0,18055
82,Chile,DEN 1,2018,18,0.1,0,0,0,0,18197
83,Chile,DEN 1,2019,29,0.16,0,0,0,0,18197
86,Chile,DEN 2,2020,9,0.05,0,0,0,0,18197
78,Chile,DEN 1,2021,0,0,0,0,0,0,19212
79,Chile,DEN 1,2022,0,0,0,0,0,0,19212
80,Chile,DEN 1,2023,0,0,0,0,0,0,19212
84,Chile,DEN 1,2024,150,0.78,0,0,0,0,19212
15,Colombia,"DEN 1,2,3,4",2014,107975,220.67,2619,2.43,88,0.082,48930
16,Colombia,"DEN 1,2,3,4",2015,96444,194.72,1421,1.47,155,0.161,49529
17,Colombia,"DEN 1,2,3,4",2016,101016,207.62,899,0.89,60,0.059,48654
12,Colombia,"DEN 1,2,3",2017,25284,51.53,236,0.93,15,0.059,49066
13,Colombia,"DEN 1,2,3",2018,44825,90.62,526,1.17,23,0.051,49465
14,Colombia,"DEN 1,2,3",2019,127553,257.87,1406,1.1,87,0.068,49465
18,Colombia,"DEN 1,2,3,4",2020,78979,159.67,897,1.14,55,0.07,49465
19,Colombia,"DEN 1,2,3,4",2021,53334,104.03,958,1.8,43,0.081,51266
20,Colombia,"DEN 1,2,3,4",2022,69497,135.56,1371,1.97,48,0.069,51266
21,Colombia,"DEN 1,2,3,4",2023,131784,257.06,1714,1.3,90,0.068,51266
11,Colombia,  ,2024,157097,306.44,1423,0.91,70,0.045,51266
29,Ecuador,"DEN 1,2,3,4",2014,15531,97.17,67,0.43,12,0.077,15983
30,Ecuador,"DEN 1,2,3,4",2015,42473,261.76,56,0.13,8,0.019,16226
31,Ecuador,"DEN 1,2,4",2016,14159,86.41,39,0.28,4,0.028,16385
32,Ecuador,"DEN 1,4",2017,11387,68.49,18,0.16,4,0.035,16625
23,Ecuador,DEN 1,2018,3099,18.38,6,0.19,1,0.032,16863
24,Ecuador,"DEN 1,2",2019,8416,49.91,38,0.45,2,0.024,16863
25,Ecuador,"DEN 1,2",2020,19950,118.31,51,0.26,6,0.03,16863
26,Ecuador,"DEN 1,2",2021,20592,115.12,79,0.38,19,0.092,17888
27,Ecuador,"DEN 1,2",2022,16017,89.54,109,0.68,13,0.081,17888
28,Ecuador,"DEN 1,2",2023,27838,155.62,112,0.4,33,0.119,17888
22,Ecuador,  ,2024,27063,151.29,120,0.44,31,0.115,17888
117,French Guiana,"DEN 1,2,4",2014,1180,462.75,7,0.59,0,0,255
118,French Guiana,"DEN 1,2,4",2015,2603,993.51,0,0,0,0,262
112,French Guiana,"DEN 1,2",2016,522,189.13,0,0,0,0,276
109,French Guiana,  ,2017,625,220.85,0,0,0,0,283
110,French Guiana,  ,2018,240,82.76,0,0,0,0,290
113,French Guiana,"DEN 1,2",2019,250,86.21,0,0,0,0,290
114,French Guiana,"DEN 1,2,3",2020,8759,3020.34,11,0.13,4,0.046,290
115,French Guiana,"DEN 1,2,3",2021,1756,573.86,0,,0,0,306
111,French Guiana,  ,2022,0,0,0,0,0,0,306
119,French Guiana,"DEN 2,3",2023,2684,877.12,0,0,0,0,306
116,French Guiana,"DEN 1,2,3",2024,14297,4672.22,0,0,5,0.035,306
130,Guyana,DEN 4,2014,863,107.34,0,0,0,0,804
120,Guyana,  ,2015,388,48.02,0,0,0,0,808
121,Guyana,  ,2016,303,39.3,0,0,0,0,771
122,Guyana,  ,2017,4,0.51,0,0,0,0,778
123,Guyana,  ,2018,286,36.57,0,0,0,0,782
124,Guyana,  ,2019,230,29.41,0,0,0,0,782
125,Guyana,  ,2020,1724,220.46,0,0,0,0,782
126,Guyana,  ,2021,4380,554.43,0,0,0,0,790
129,Guyana,DEN 3,2022,382,48.35,0,0,0,0,790
127,Guyana,  ,2023,27709,3507.47,0,0,0,0,790
128,Guyana,  ,2024,12929,1636.58,0,0,2,0.015,790
91,Paraguay,"DEN 1,2,4",2014,10014,144.75,5,0.05,5,0.05,6918
92,Paraguay,"DEN 1,2,4",2015,68652,976.14,13,0.02,5,0.007,7033
96,Paraguay,"DEN 1,3,4",2016,70215,1044.09,48,0.07,16,0.023,6725
87,Paraguay,"DEN 1,2",2017,1832,26.9,0,0,0,0,6811
97,Paraguay,"DEN 1,4",2018,32359,469.18,0,,15,0.046,6897
93,Paraguay,"DEN 1,2,4",2019,11811,171.25,0,,9,0.076,6897
94,Paraguay,"DEN 1,2,4",2020,223782,3244.63,167,0.07,75,0.034,6897
95,Paraguay,"DEN 1,2,4",2021,16897,234.03,0,,4,0.024,7220
88,Paraguay,"DEN 1,2",2022,7428,99.72,26,0.35,0,0,7449
89,Paraguay,"DEN 1,2",2023,63216,836.85,0,0,24,0.038,7554
90,Paraguay,"DEN 1,2",2024,278827,3691.12,0,0,100,0.036,7554
38,Peru,"DEN 1,2,3,4",2014,19043,61.89,95,0.5,31,0.163,30769
39,Peru,"DEN 1,2,3,4",2015,35837,115.01,123,0.34,41,0.114,31161
40,Peru,"DEN 1,2,3,4",2016,31868,100.3,124,0.39,37,0.116,31774
41,Peru,"DEN 1,2,3,4",2017,76093,236.57,251,0.33,76,0.1,32165
43,Peru,"DEN 2,4",2018,6930,21.29,65,0.94,15,0.216,32552
42,Peru,"DEN 1,2,3,4",2019,17143,52.66,163,0.95,37,0.216,32552
33,Peru,"DEN 1,2",2020,56394,173.24,122,0.22,88,0.156,32552
34,Peru,"DEN 1,2",2021,49274,147.71,143,0.29,39,0.079,33359
35,Peru,"DEN 1,2",2022,72851,218.38,229,0.31,84,0.115,33359
36,Peru,"DEN 1,2,3",2023,274227,822.05,1055,0.38,441,0.161,33359
37,Peru,"DEN 1,2,3",2024,247243,741.16,683,0.28,203,0.082,33359
137,Suriname,DEN 2,2014,23,4.23,0,0,0,0,544
131,Suriname,  ,2015,15,2.74,0,0,0,0,548
136,Suriname,DEN 1,2016,6,1.09,0,0,0,0,548
132,Suriname,  ,2017,1,0.18,0,0,0,0,563
133,Suriname,  ,2018,123,21.65,0,0,0,0,568
141,Suriname,DEN 4,2019,86,15.14,0,0,0,0,568
139,Suriname,"DEN 2,4",2020,563,99.12,0,0,0,0,568
134,Suriname,  ,2021,10,1.69,0,0,0,0,592
135,Suriname,  ,2022,17,2.87,0,0,0,0,592
138,Suriname,"DEN 2,3",2023,282,47.64,3,1.06,3,1.064,592
140,Suriname,DEN 3,2024,95,16.05,3,3.16,3,3.158,592
98,Uruguay,  ,2014,0,0,0,0,0,0,3419
99,Uruguay,  ,2015,13,0.38,0,0,0,0,3430
106,Uruguay,DEN 1,2016,19,0.55,0,0,0,0,3444
100,Uruguay,  ,2017,0,0,0,0,0,0,3457
101,Uruguay,  ,2018,0,0,0,0,0,0,3470
102,Uruguay,  ,2019,0,0,0,0,0,0,3470
107,Uruguay,DEN 1,2020,4,0.12,0,0,0,0,3470
103,Uruguay,  ,2021,52,1.49,0,0,0,0,3485
104,Uruguay,  ,2022,80,2.3,0,0,0,0,3485
105,Uruguay,  ,2023,48,1.38,0,0,0,0,3485
108,Uruguay,"DEN 1,2",2024,701,20.11,0,0,2,0.285,3485
49,Venezuela,"DEN 1,2,3,4",2014,87529,283.72,221,0.25,0,0,30851
50,Venezuela,"DEN 1,2,3,4",2015,54152,173.05,282,0.52,90,0.166,31293
51,Venezuela,"DEN 1,2,3,4",2016,29268,92.86,115,0.39,39,0.133,31519
44,Venezuela,DEN 1,2017,8615,26.94,359,4.17,16,0.186,31977
45,Venezuela,"DEN 1,2,3",2018,19118,59.04,101,0.53,24,0.126,32381
46,Venezuela,"DEN 1,2,3",2019,16015,49.46,70,0.44,23,0.144,32381
47,Venezuela,"DEN 1,2,3",2020,6721,20.76,31,0.46,14,0.208,32381
48,Venezuela,"DEN 1,2,3",2021,5926,20.64,29,0.49,8,0.135,28705
52,Venezuela,"DEN 1,2,3,4",2022,11409,39.75,43,0.38,18,0.158,28705
53,Venezuela,"DEN 1,2,3,4",2023,4809,16.75,17,0.35,8,0.166,28705